location,scale,EI
7.580361627713618,0.21279687112753182,0.8139557596520827
7.346027072299706,0.21864065417914277,0.7442260332557372
