location,scale,EI
9.290441997111051,0.35209481205970605,1.3043650748113527
8.588027247834402,0.26971991313658183,1.017763970115169
