location,scale,EI
14.365065039973965,1.015148291050366,0.841585285206773
2.334951674555627,0.0011506774300340053,0.8823084789471344
1.7450804977281675,0.0008211704172966783,1.2639962711766377
