location,scale,EI
8.154555260023141,0.23341218801576957,1.274010088688141
7.83275528226844,0.21413479959046672,1.0445113280417606
