location,scale,EI
1.4326906064742093,0.0007533706044872474,1.1944564688260626
1.4321416187748508,0.0007975634936458001,1.0972167661973562
