location,scale,EI
1.4479639205905204,0.0005168084996857689,0.8300514260986485
1.4475759989434676,0.0005873353425456785,1.1988478481870553
