location,scale,EI
7.133126923704694,0.24623886490216323,1.1384348049942077
6.8816948709979275,0.3456277740829598,1.1669200500219337
