location,scale,EI
14.679425347950703,0.9950702164856081,0.9934338095977253
10.593756827569855,0.5020422874877587,0.9414400702004336
