location,scale,EI
1.4848057737328757,0.0007264263707357162,1.1184480297811605
1.4486714462913595,0.00044009078897907323,1.0714394383951664
1.4483265710260862,0.00046905521456285394,1.2536268369464456
